n,url,label,description
0,"allahin-insani-ilk-yarattigi-andan-itibaren-o-kisinin-ahiret-gununde-cennetcehenneme-gidecegini-bilir-olmasi-mantiksizdir"," Allah'Ä±n, insanÄ± ilk yarattÄ±ÄŸÄ± andan itibaren, o kiÅŸinin ahiret gÃ¼nÃ¼nde cennet/cehenneme gideceÄŸini bilir olmasÄ± mantÄ±ksÄ±zdÄ±r.",""
1,"arac-kullanirken-sigara-icmek-cezalandirilmalidir"," AraÃ§ kullanÄ±rken sigara iÃ§mek cezalandÄ±rÄ±lmalÄ±dÄ±r.",""
2,"argumanda-safsata-tipleri-ve-aciklamalari-cesitlendirilmelidir"," ArgÃ¼man'da, safsata tipleri ve aÃ§Ä±klamalarÄ± Ã§eÅŸitlendirilmelidir",""
3,"bilinc-zeka-icin-gereksiz-bir-yetidir"," BilinÃ§, zeka iÃ§in gereksiz bir yetidir",""
4,"bir-fikir-iscisinin-dusmani-hemfikirleridir"," Bir fikir iÅŸÃ§isinin gerÃ§ek dÃ¼ÅŸmanÄ± hemfikirleridir",""
5,"depresyon-icedonuk-safsatalarin-sonucudur"," Depresyon iÃ§edÃ¶nÃ¼k safsatalarÄ±n sonucudur.",""
6,"devlet-sisteme-giren-paranin-kaynagini-sorgulamamalidir"," Devlet, sisteme giren paranÄ±n kaynaÄŸÄ±nÄ± sorgulamamalÄ±dÄ±r.",""
7,"fotograf-makinelerinin-kaydedebildigi-gerceklikte-realist-cizimler-yapmak-korkunc-bir-emek-israfidir","FotoÄŸraf makinelerinin kaydedebildiÄŸi gerÃ§eklikte, realist Ã§izimler yapmak korkunÃ§ bir emek israfÄ±dÄ±r.",""
8,"gelecegin-yeni-dini-dataizm-olacaktir"," GeleceÄŸin yeni dini Dataizm olacaktÄ±r",""
9,"havyanlarin-hayati-da-insanlarinki-kadar-degerlidir"," HavyanlarÄ±n hayatÄ± da insanlarÄ±nki kadar deÄŸerlidir",""
10,"hicbir-bilgisayar-programi-kendi-basina-bir-sisteme-zihin-veremez","HiÃ§bir bilgisayar programÄ± kendi baÅŸÄ±na bir sisteme zihin veremez.",""
11,"humanizm-onumuzdeki-200-yil-icinde-yok-olacaktir"," HÃ¼manizm Ã¶nÃ¼mÃ¼zdeki 200 yÄ±l iÃ§inde yok olacaktÄ±r.",""
12,"istanbul-surici-arac-girisine-kapatilmalidir"," Ä°stanbul suriÃ§i araÃ§ trafiÄŸine kapatÄ±lmalÄ±dÄ±r",""
13,"kanal-istanbul-projesinden-vazgecilmelidir","Kanal Ä°stanbul projesinden vazgeÃ§ilmelidir",""
14,"sanat-elestirilemez"," Sanat EleÅŸtirilemez",""
15,"tanrinin-varligini-kanitlamak-telasi-gereksizdir"," tanrÄ±nÄ±n varlÄ±ÄŸÄ±nÄ± kanÄ±tlamak telaÅŸÄ± gereksizdir.",""
16,"tanri-soyledigi-icin-kotudur"," TanrÄ± sÃ¶ylediÄŸi iÃ§in kÃ¶tÃ¼dÃ¼r",""
17,"vicdan-gucluleri-korkutmak-icin-dusunulmus-korkaklarin-kullandigi-bir-sozcukten-baska-bir-sey-degildir"," Vicdan gÃ¼Ã§lÃ¼leri korkutmak iÃ§in dÃ¼ÅŸÃ¼nÃ¼lmÃ¼ÅŸ, korkaklarÄ±n kullandÄ±ÄŸÄ± bir sÃ¶zcÃ¼kten baÅŸka bir ÅŸey deÄŸildir.",""
18,"yalan-soyleme-olmadan-bilim-olmaz"," Yalan sÃ¶yleme olmadan bilim olmaz",""
19,"yapay-zeka-insanin-varolus-anlamini-tehdit-etmektedir"," Yapay zeka insanÄ±n varoluÅŸ anlamÄ±nÄ± tehdit etmektedir",""
20,"allahin-insani-ilk-yarattigi-andan-itibaren-o-kisinin-ahiret-gununde-cennetcehenneme-gidecegini-bilir-olmasi-mantiksizdir?partial=28545&level=0","Bir balÄ±kÃ§Ä±, denizden balÄ±ÄŸÄ± alÄ±r ve onu bir teste tabi tutmak ister.BalÄ±ÄŸa, Ã§Ã¶lde 1 gÃ¼n geÃ§irmesi halinde sonsuz Ã¶dÃ¼l, aksi halde sonsuz ceza olduÄŸunu sÃ¶yler.BalÄ±k cahil olduÄŸu iÃ§in evet der.BalÄ±kÃ§Ä±, balÄ±ÄŸÄ±n bu testi geÃ§emeyeceÄŸini zaten bilmektedir.BalÄ±kÃ§Ä±yÄ± Allah, balÄ±ÄŸÄ± insan olarak dÃ¼ÅŸÃ¼nÃ¼nÃ¼z.",""
21,"allahin-insani-ilk-yarattigi-andan-itibaren-o-kisinin-ahiret-gununde-cennetcehenneme-gidecegini-bilir-olmasi-mantiksizdir?partial=28568&level=0","MantÄ±ksÄ±z olmasÄ± iÃ§in bir Ã§eliÅŸki bulunmalÄ±dÄ±r ve tanÄ±msÄ±z bir ifadenin bulunduÄŸu denklemde Ã§eliÅŸki bulunamaz, Ã§Ã¼nkÃ¼ ifadelerin denkliÄŸi bilinmemektedir.",""
22,"allahin-insani-ilk-yarattigi-andan-itibaren-o-kisinin-ahiret-gununde-cennetcehenneme-gidecegini-bilir-olmasi-mantiksizdir?partial=31009&level=0","Allah insanÄ±n kaderini bilir. Kader denilen ÅŸey ise yapÄ±lan seÃ§imlerdir. Bir RPG oyun ya da 'Kelebek Etkisi' filmindeki gibidir. KarÅŸÄ±laÅŸtÄ±ÄŸÄ±mÄ±z yol ayrÄ±mlarÄ±nda yaptÄ±ÄŸÄ±mÄ±z seÃ§imler hayatÄ±mÄ±zÄ± oluÅŸturur. Allah, bu yollarÄ±n nereye Ã§Ä±ktÄ±ÄŸÄ±nÄ± bilir. SeÃ§imi insanÄ±n kendisine bÄ±rakmÄ±ÅŸtÄ±r.",""
23,"allahin-insani-ilk-yarattigi-andan-itibaren-o-kisinin-ahiret-gununde-cennetcehenneme-gidecegini-bilir-olmasi-mantiksizdir?partial=33637&level=0","TanrÄ± test sonucunu biliyor, ve testi buna raÄŸmen yapÄ±yor ise burada bir Ã§eliÅŸki deÄŸil, anlaÅŸÄ±lmayan vardÄ±r. Bu bir ÅŸeyi mantÄ±ksÄ±z yapmaz, gizemli yapar. Net bir Ã§eliÅŸki tespit edilemediÄŸi sÃ¼rece, objektif bir mantÄ±ksÄ±zlÄ±ktan bahsedilemez.",""
24,"allahin-insani-ilk-yarattigi-andan-itibaren-o-kisinin-ahiret-gununde-cennetcehenneme-gidecegini-bilir-olmasi-mantiksizdir?partial=33644&level=0","Semavi TanrÄ± yarattÄ±klarÄ±ndan mÃ¼nezzehtir. DolayÄ±sÄ±yla yaratÄ±lanlar benzetme, Ã¶rneklemdirme Ã¼zerinden yÃ¼rÃ¼tÃ¼lecek bir argÃ¼man 'Composition fallacy' kadar hatalÄ± olacaktÄ±r.",""
25,"arac-kullanirken-sigara-icmek-cezalandirilmalidir?partial=33536&level=0","KiÅŸisel alan, toplumsal alanla kesiÅŸir. Kaza riski artmaktadÄ±r. + Ã–zellikle toplu taÅŸÄ±mada rahatsÄ±z edici olmasÄ± sebebiyle de ğŸš« olmalÄ±.",""
26,"arac-kullanirken-sigara-icmek-cezalandirilmalidir?partial=33538&level=0","aynÄ± derecede kaza riski taÅŸÄ±yan klima tertibatÄ± veya radyo kullanÄ±mÄ± yasalarla kÄ±sÄ±tlanmamÄ±ÅŸtÄ±r.",""
27,"argumanda-safsata-tipleri-ve-aciklamalari-cesitlendirilmelidir?partial=33540&level=0","Platformda, bir argÃ¼man iÃ§in Ã¶ne sÃ¼rÃ¼len Ã¶nermenin tipi belirlemek kadar, Ã¶nermenin ulaÅŸÄ±ldÄ±ÄŸÄ± mantÄ±k dÃ¼zlemini kurmak da Ã¶nemlidir. KullanÄ±cÄ±lar, safsatalarÄ± benimsemesi ve farkÄ±nda olarak kullanabilmesi iÃ§in safsata bildirimi daha iÅŸlevsel hale getirilmelidir.",""
28,"bilinc-zeka-icin-gereksiz-bir-yetidir?partial=33522&level=0","Bir zekanÄ±n, problemleri Ã§Ã¶zmek ve yeni yÃ¶ntemler keÅŸfetmek iÃ§in kendi farkÄ±ndalÄ±ÄŸÄ±na gerek yoktur. BilinÃ§ Ã§oÄŸu durumda zekayÄ± yavaÅŸlatan, hatta yeni problemlerin oluÅŸmasÄ±na sebep olan gereksiz bir yetidir.",""
29,"bir-fikir-iscisinin-dusmani-hemfikirleridir?partial=32775&level=0","kaleyi iÃ§eriden fethetmek daha kolaydÄ±r. Bir fikri kolay ÅŸekilde yÄ±kmak, ona saldÄ±rmaktan ziyade onun gibi gÃ¶rÃ¼nÃ¼p Ã§arpÄ±tmakla olur. Fikir iÅŸÃ§isinin dÃ¼ÅŸmanÄ± fikrin aÃ§Ä±ÄŸÄ±nÄ± bulmaya Ã§alÄ±ÅŸanlar deÄŸil, fikri benimsemeden savunmaya Ã§alÄ±ÅŸan veya onu kasÄ±tlÄ± olarak Ã§arpÄ±tmaya Ã§alÄ±ÅŸan hemfikirleridir.",""
30,"bir-fikir-iscisinin-dusmani-hemfikirleridir?partial=32777&level=0","bir fikir iÅŸÃ§isinin gerÃ§ek dÃ¼ÅŸmanÄ± kendisidir",""
31,"bir-fikir-iscisinin-dusmani-hemfikirleridir?partial=32787&level=0","'bence' fikir dediÄŸimiz ÅŸey, ezberbozmaktÄ±r (Disruption). yani iki veya daha fazla fikir arasÄ±nda olaÄŸan dÄ±ÅŸÄ± bir baÄŸlantÄ± kurmaktÄ±r. Olaya birde bu aÃ§Ä±dan bakacak olursak eÄŸer hemfikir de bir donedir.",""
32,"bir-fikir-iscisinin-dusmani-hemfikirleridir?partial=33453&level=0","Duran cisim dÃ¼ÅŸer. Bu yÃ¼zden sÃ¼rekli aynÄ± gÃ¶rÃ¼ÅŸlerle beslenen fikir iÅŸÃ§isi zamanla fikir Ã§izgisindeki hÄ±zÄ±nÄ± kaybedecektir. Fakat zÄ±t fikirler ile beslenirse ancak o zaman dÃ¼ÅŸÃ¼nmeye ve Ã¼retmeye devam edecektir.",""
33,"depresyon-icedonuk-safsatalarin-sonucudur?partial=33520&level=0","Depresyondaki bir insan, kendi dÃ¼ÅŸÃ¼ncelerini Ã§arpÄ±tarak mantÄ±ÄŸa aykÄ±rÄ± sonuÃ§lara ulaÅŸÄ±r. AslÄ±nda bu insan safsata yapmaktadÄ±r.",""
34,"devlet-sisteme-giren-paranin-kaynagini-sorgulamamalidir?partial=33631&level=0","Para, devlet iÃ§erisindeki oluÅŸabilecek usulsÃ¼zlÃ¼ÄŸÃ¼n temel kaynaÄŸÄ±dÄ±r. Devlet hiyerarÅŸisine ve barÄ±ÅŸ ortamÄ±na zarar verme ihtimali olan oluÅŸumlara para akÄ±ÅŸÄ±nÄ±n Ã§Ä±kÄ±ÅŸ kaynaÄŸÄ± izlenerek ulaÅŸÄ±labilir. Devlet temel gÃ¶revlerini yerine getirebilmek adÄ±na sistemdeki tÃ¼m parayÄ± izlemelidir.",""
35,"fotograf-makinelerinin-kaydedebildigi-gerceklikte-realist-cizimler-yapmak-korkunc-bir-emek-israfidir?partial=31554&level=0","SanatÃ§Ä± realist resimler yaparken bu eserlerin altÄ±nda gÃ¶rÃ¼nenin Ã¶tesinde bir anlam yaratÄ±rsa, yani bu tekniÄŸi lehine kullanÄ±rsa, bir ÅŸeyi realist olarak resmetmek yalnÄ±zca bir tekniktir, bunun Ã¼zerine 'korkunÃ§' emek harcamak sanatÃ§Ä±nÄ±n seÃ§imidir.",""
36,"fotograf-makinelerinin-kaydedebildigi-gerceklikte-realist-cizimler-yapmak-korkunc-bir-emek-israfidir?partial=32909&level=0","Tam olarak 'realist' bir Ã§izim zaten yapÄ±lamaz. Her Ã§izim kendi iÃ§erisinde Ã§eÅŸitli Ã¶zgÃ¼nlÃ¼klere sahiptir.",""
37,"fotograf-makinelerinin-kaydedebildigi-gerceklikte-realist-cizimler-yapmak-korkunc-bir-emek-israfidir?partial=33331&level=0","Fantastik Ã¶gelerin, gerÃ§ek dÃ¼nya ile harmanlandÄ±ÄŸÄ± bir Ã§alÄ±ÅŸmada, realistik tarzda bir Ã§izim yapÄ±ldÄ±ÄŸÄ±nÄ± dÃ¼ÅŸÃ¼nÃ¼rsek bu argÃ¼man geÃ§erliliÄŸini kaybediyor. Ã‡Ã¼nkÃ¼ bu tÃ¼r bir ortamÄ± fotoÄŸraflamak mÃ¼mkÃ¼n deÄŸildir.",""
38,"fotograf-makinelerinin-kaydedebildigi-gerceklikte-realist-cizimler-yapmak-korkunc-bir-emek-israfidir?partial=33347&level=0","Sanatta emek israfÄ± denen birÅŸey yoktur",""
39,"fotograf-makinelerinin-kaydedebildigi-gerceklikte-realist-cizimler-yapmak-korkunc-bir-emek-israfidir?partial=33357&level=0","Bu ÅŸekilde hiÃ§ emek vermeden hazÄ±ra alÄ±ÅŸtÄ±rmak olur. Yetenekli olan yerine iyi kamerasÄ± olan iyi resim Ã§izer. BÃ¼yÃ¼k haksÄ±zlÄ±k.",""
40,"fotograf-makinelerinin-kaydedebildigi-gerceklikte-realist-cizimler-yapmak-korkunc-bir-emek-israfidir?partial=33543&level=0","SanatÄ±n duygularÄ±n dÄ±ÅŸavurumu olduÄŸu gÃ¶rÃ¼ÅŸÃ¼ne gÃ¶re, ortada bir duygu deÄŸil sadece emek vardÄ±r.",""
41,"gelecegin-yeni-dini-dataizm-olacaktir?partial=33552&level=0","Ä°nsan, iÃ§inden geldiÄŸi gibi kararlar vererek risk alÄ±p zarar gÃ¶rmektense, kendi adÄ±na en doÄŸru kararlar verecek olan veriyle beslenen makinelerin sÃ¶ylediklerini dinleyecektir. DÃ¼n TanrÄ±nÄ±n buyruklarÄ±na, bugÃ¼n kendine hislerine tapan insan, yarÄ±n makinelerin komutlarÄ±na tapacaktÄ±r.",""
42,"havyanlarin-hayati-da-insanlarinki-kadar-degerlidir?partial=32871&level=0","SÃ¶zkonusu bir cana kÄ±ymak ise canÄ± taÅŸÄ±yan organizmanÄ±n taksonomik konumu Ã¶nemsizdir. Bir yaÅŸamÄ± sonlandÄ±rmanÄ±n, tÃ¼r fark etmeksizin, hiÃ§bir ahlaki gerekÃ§esi olamaz",""
43,"havyanlarin-hayati-da-insanlarinki-kadar-degerlidir?partial=32872&level=0","Ä°nsan hayatÄ± sanÄ±ldÄ±ÄŸÄ± kadar deÄŸerli deÄŸildir.safsata editi: KarÅŸÄ± argÃ¼man olan 'Hayvanlar insanlar kadar deÄŸerli deÄŸildir' veya 'Ä°nsanlar hayvanlardan daha deÄŸerlidir' iddiasÄ±nÄ±n Ã¶rtÃ¼k olarak insana atfettiÄŸi yÃ¼ksek deÄŸerin mevcut olmadÄ±ÄŸÄ±nÄ± sÃ¶yleyerek Ã¼st argÃ¼manÄ± destekliyorum.",""
44,"havyanlarin-hayati-da-insanlarinki-kadar-degerlidir?partial=32873&level=0","Mevcut dÃ¼zende her canlÄ± hayatÄ±nÄ± sÃ¼rdÃ¼rmek iÃ§in diÄŸerleriyle Ã§atÄ±ÅŸmak ve gerekirse kendi hayatÄ± iÃ§in baÅŸka hayatlara son vermek zorundadÄ±r.",""
45,"havyanlarin-hayati-da-insanlarinki-kadar-degerlidir?partial=33523&level=0","HiÃ§bir hayvan, bir diÄŸer hayvanÄ±n hayatÄ±na iÃ§gÃ¼dÃ¼lerinin dÄ±ÅŸÄ±nda (annelik, hayatta kalmak) deÄŸer vermez. Ä°nsanÄ±n hayvana deÄŸer vermesi hÃ¼manizm dÃ¼ÅŸÃ¼ncesinin bir sonucudur. Bu yÃ¼zdendir ki hiÃ§bir canlÄ±nÄ±n deÄŸerini kendibaÅŸÄ±na Ã¶lÃ§meye kalkmaz, 'insan kadar deÄŸerli' diyerek belirlemeye Ã§alÄ±ÅŸÄ±rÄ±z.",""
46,"havyanlarin-hayati-da-insanlarinki-kadar-degerlidir?partial=33524&level=0","HayvanlarÄ±n hayatÄ± insanlarÄ±nkinden daha deÄŸerli de olabilir veya olmayabilir. Bu deÄŸeri insan vermektedir; iki taraflÄ± bir muhakeme bulunmaz.",""
47,"hicbir-bilgisayar-programi-kendi-basina-bir-sisteme-zihin-veremez?partial=33300&level=0","Zihne neden olan beyindir. Beyindeki nÃ¶rofizyolojik sÃ¼reÃ§ler zihinsel olgularÄ±n ortaya Ã§Ä±kmasÄ±nÄ± saÄŸlar.",""
48,"hicbir-bilgisayar-programi-kendi-basina-bir-sisteme-zihin-veremez?partial=33302&level=0","Bilgisayar programlarÄ± tÃ¼mÃ¼yle biÃ§imsel veya sentaktik yapÄ±larÄ±yla tanÄ±mlanÄ±rlar.",""
49,"hicbir-bilgisayar-programi-kendi-basina-bir-sisteme-zihin-veremez?partial=33329&level=0","'bilgisayar programÄ±' denilen ÅŸey zaten doÄŸada kendiliÄŸinden oluÅŸmuyor. belirli bir gÃ¶revi yapmak iÃ§in temeli, insanlar tarafÄ±ndan oluÅŸturuluyor. yani 'programÄ±n', 'kendi baÅŸÄ±na' kalmasÄ± gibi bir durum sÃ¶z konusu deÄŸildir. ayrÄ±ca 'sisteme zihin vermek' tabiri de korkunÃ§ bir Ã§eviri Ã¶rneÄŸi.",""
50,"humanizm-onumuzdeki-200-yil-icinde-yok-olacaktir?partial=33551&level=0","GeleceÄŸin yeni dini Dataizm olacaktÄ±r",""
51,"istanbul-surici-arac-girisine-kapatilmalidir?partial=31176&level=0","Bir Ã§ok toplu taÅŸÄ±ma aracÄ±nÄ±n kullanÄ±ma mÃ¼sait olduÄŸu bu tarihi yarÄ±madanÄ±n iÃ§ine insanlarÄ±n ÅŸahsi araÃ§larÄ±yla girmesi Ã§evre gÃ¼rÃ¼ltÃ¼sÃ¼nÃ¼ artÄ±rmaktadÄ±r. Åehir merkezi araÃ§ trafiÄŸine kapatÄ±lmalÄ±, insanlar ulaÅŸÄ±m iÃ§in Ã§evreyle daha dost olan bisiklet kullanÄ±mÄ±na Ã¶zendirilmelidir.",""
52,"istanbul-surici-arac-girisine-kapatilmalidir?partial=33806&level=0","gÃ¼nlÃ¼k ticareti ve diÄŸer lojistik hizmetleri aksatmamasÄ± gerekir.",""
53,"kanal-istanbul-projesinden-vazgecilmelidir?partial=33723&level=0","Ä°nanÄ±lmaz Ã¶lÃ§ekte kazÄ±, dolgu, dinamit patlatÄ±lmasÄ± ve iÅŸ makinalarÄ±nÄ±n kullanÄ±mÄ± ciddi Ã¶lÃ§ekte gÃ¼rÃ¼ltÃ¼ ve egzoz gazÄ± yayÄ±lmasÄ±na neden olacaktÄ±r.Ã–nemli bir tarÄ±m ve mera alanÄ± yok olacaktÄ±r.",""
54,"kanal-istanbul-projesinden-vazgecilmelidir?partial=33805&level=0","Ã‡ok doÄŸru bir planlamayla bu kanalÄ±n kazanÄ±mlarÄ±ndan mahrum kalmamak da gerekir.",""
55,"kanal-istanbul-projesinden-vazgecilmelidir?partial=711&level=0","Marmara Denizi kÄ±sa sÃ¼re iÃ§inde Ã§Ã¼rÃ¼k yumurta kokmaya baÅŸlayacaktÄ±r",""
56,"kanal-istanbul-projesinden-vazgecilmelidir?partial=764&level=0","kanal nÃ¼fus baskÄ±sÄ±na neden olacak ve yeni bir 'ada' yaratacaktÄ±r.",""
57,"kanal-istanbul-projesinden-vazgecilmelidir?partial=776&level=0","olasÄ± bir marmara depreminde istanbul'a vereceÄŸi zarar daha yÃ¼ksek olacaktÄ±r.",""
58,"sanat-elestirilemez?partial=31537&level=0","Sanat eserinin niteliÄŸini sanatÃ§Ä± belirler fakat, eserden Ã§Ä±karÄ±lan anlam her insan iÃ§in subjektiftir. EleÅŸtirmen eserden Ã§Ä±karttÄ±ÄŸÄ± bir anlamÄ± koca bir topluluÄŸa mal edemez.Not: Bu konuda tekniÄŸe yapÄ±lan eleÅŸtiriyi ayrÄ± tutuyorum.",""
59,"sanat-elestirilemez?partial=31562&level=0","SanatÄ± eleÅŸtirilemez kÄ±lÄ±p yÃ¼celtmek, sanatÄ± anlamamÄ±zÄ± zorlaÅŸtÄ±rÄ±r.",""
60,"sanat-elestirilemez?partial=31564&level=0","Subjektif kriterler bazÄ±nda subjektif eleÅŸtirilere tabidir.",""
61,"sanat-elestirilemez?partial=32441&level=0","EleÅŸtirmek, kritik etmek bir sÄ±nÄ±r Ã§izme etkinliÄŸidir. Sanat eleÅŸtirilemez demek, sanatÄ±n sÄ±nÄ±rlarÄ±nÄ± inkar etmektir. SÄ±nÄ±rlarÄ± belli olmayan bir ÅŸeyin ne olduÄŸunu bilemeyiz. Oysa bir ÅŸeye isim vermemizin sebebi onun sÄ±nÄ±rlarÄ±nÄ± belirlemek, onu diÄŸerlerinden ayÄ±rt etmektir. Sanat da bir isimdir.",""
62,"sanat-elestirilemez?partial=32771&level=0","Sanat, sanatÄ± eleÅŸtirerek zamanÄ± kateder. Sanat akÄ±mlarÄ± bir diÄŸerinin eleÅŸtirisinden ortaya Ã§Ä±kar.",""
63,"sanat-elestirilemez?partial=32773&level=0","Bir sanat eserini onun eleÅŸtirileri hayatta tutar. Marcel Duchamp'Ä±n 'Ã§eÅŸme' eseri gibi.",""
64,"tanrinin-varligini-kanitlamak-telasi-gereksizdir?partial=32808&level=0","Ã§Ã¼nkÃ¼ bir ÅŸeyin varlÄ±ÄŸÄ±nÄ± kanÄ±tlarsanÄ±z inanmak (iman etmek) fonksiyonu ortadan kalkar.",""
65,"tanrinin-varligini-kanitlamak-telasi-gereksizdir?partial=32823&level=0","TanrÄ±nÄ±n varlÄ±ÄŸÄ±nÄ± ya da yokluÄŸunu kanÄ±tlamak imkansÄ±zdÄ±r. Zaten kimsenin bÃ¶yle bir uÄŸraÅŸÄ± da yoktur.",""
66,"tanrinin-varligini-kanitlamak-telasi-gereksizdir?partial=32878&level=0","TartÄ±ÅŸÄ±lmasÄ± gereken tanrÄ±sallÄ±k kavramÄ±dÄ±r...",""
67,"tanrinin-varligini-kanitlamak-telasi-gereksizdir?partial=33651&level=0","TanrÄ±nÄ±n olup, olmamasÄ±nÄ±n Ã§ok Ã¶nemli sonuÃ§larÄ± olabilir.",""
68,"tanri-soyledigi-icin-kotudur?partial=33541&level=0","KÃ¶tÃ¼, TanrÄ±'dan Ã¶nce gelemez.",""
69,"tanri-soyledigi-icin-kotudur?partial=33636&level=0","Ancak TanrÄ± dilediÄŸini yapmakta Ã¶zgÃ¼rdÃ¼r(doÄŸruyu sÃ¶ylememek) Ã§Ã¼nkÃ¼ kÃ¢inattan ve insan aklÄ± yargÄ±larÄ±ndan mÃ¼nezzeh bir varlÄ±ÄŸÄ±n ona hapsolmasÄ±, hatta mantÄ±ÄŸÄ±mÄ±za uymasÄ± gerekli bir durum deÄŸildir. Bu yÃ¼zden, TanrÄ±nÄ±n bize doÄŸruyu sÃ¶ylemesi gibi bir obligasyonu zorunlu deÄŸildir.",""
70,"vicdan-gucluleri-korkutmak-icin-dusunulmus-korkaklarin-kullandigi-bir-sozcukten-baska-bir-sey-degildir?partial=4623&level=0","bu Ã¶nerme vicdansÄ±z bir bireyin kendi vicdansÄ±zlÄ±ÄŸÄ±nÄ± meÅŸrulaÅŸtÄ±rmak iÃ§in ileri sÃ¼rdÃ¼ÄŸÃ¼ bir argÃ¼man da olabilir.",""
71,"vicdan-gucluleri-korkutmak-icin-dusunulmus-korkaklarin-kullandigi-bir-sozcukten-baska-bir-sey-degildir?partial=4634&level=0","Vicdan doÄŸuÅŸtan gelen bir olgudur. KiÅŸi tarafÄ±ndan bastÄ±rÄ±labilir, gÃ¶rmezden gelinebilir ama hep oradadÄ±r.",""
72,"vicdan-gucluleri-korkutmak-icin-dusunulmus-korkaklarin-kullandigi-bir-sozcukten-baska-bir-sey-degildir?partial=4772&level=0","Vicdan toplumun ortak aklidir, gÃ¼Ã§lÃ¼ye karsi bir hak arayisi dayanagidir. DoÄŸru yola/cogunlugun degerlerine davettir.",""
73,"yalan-soyleme-olmadan-bilim-olmaz?partial=31754&level=0","Ä°nsan Ã§evresinde olan biteni izah etmek iÃ§in bir yetenek; yalan sÃ¶yleme yeteneÄŸi icad eder.",""
74,"yalan-soyleme-olmadan-bilim-olmaz?partial=31760&level=0","Bilimsel sÃ¶ylemler saati kurulmuÅŸ yalan gibidirler. Aksi ispatlanana kadar doÄŸrudurlar, sonra patlarlar. TÄ±pkÄ± zamanÄ±nda dÃ¼nyanÄ±n dÃ¼z olduÄŸu yalanÄ±nÄ±n sÃ¶ylenmesi gibi.",""
75,"yalan-soyleme-olmadan-bilim-olmaz?partial=31792&level=0","Bilimin ilerlemesi adÄ±na yapÄ±lan Ã§alÄ±ÅŸmalar Ã§oÄŸunlukla hayalgÃ¼cÃ¼ Ã¼rÃ¼nÃ¼dÃ¼r ve Ã¶ngÃ¶rÃ¼ye dayanÄ±r; bu sebeple, kuramlar oluÅŸturulurken Ã§eÅŸitli kabuller yapÄ±lÄ±r/Ã§eÅŸitli metodlar izlenir, bu kabullerin birinin veya birkaÃ§Ä±nÄ±n sonradan deÄŸiÅŸmesi, teoriyi Ã§Ã¼rÃ¼tebilir veya gÃ¼venilirliÄŸini azaltabilir.",""
76,"yalan-soyleme-olmadan-bilim-olmaz?partial=32074&level=0","Modern bilimsel metotda yalan ve dogru tanimlari yerine bilimsel metot, tez, hipotez ve teori tanimlari vardir.",""
77,"yalan-soyleme-olmadan-bilim-olmaz?partial=33545&level=0","dopamin salgÄ±sÄ±nÄ±n gereÄŸi iÃ§in bazÄ± durumlarda yalan sÃ¶ylemek gerekir.",""
78,"yapay-zeka-insanin-varolus-anlamini-tehdit-etmektedir?partial=33517&level=0","GÃ¼nÃ¼mÃ¼z hÃ¼manizmi etik yargÄ±lara hisler yoluyla ulaÅŸÄ±r. Ä°nsan Ã§oÄŸu zaman hislerini anlayamaz ve onlarÄ± gÃ¶zÃ¼ kÃ¶r dinler. GeliÅŸmekte olan yapay zeka ise gelecekte insanÄ± kendinden daha iyi tanÄ±yabilir ve onun adÄ±na kararlar alabilir. Bu da insanÄ±n varoluÅŸ anlamÄ±nÄ± tamamen kaybetmesi anlamÄ±na gelir.",""
79,"yapay-zeka-insanin-varolus-anlamini-tehdit-etmektedir?partial=33544&level=0","yapay zeka, kriz anÄ±nda insan varlÄ±lÄ±ÄŸÄ±nÄ±n devamÄ± iÃ§in duygularÄ±na gÃ¶re deÄŸil mantÄ±ÄŸa gÃ¶re hareket edeceÄŸinden kurtarÄ±cÄ± bir misyon yÃ¼klenebilir.",""
80,"yapay-zeka-insanin-varolus-anlamini-tehdit-etmektedir?partial=33603&level=0","Ä°nsanÄ±n varoluÅŸu anlamsÄ±zdÄ±r.",""
81,"allahin-insani-ilk-yarattigi-andan-itibaren-o-kisinin-ahiret-gununde-cennetcehenneme-gidecegini-bilir-olmasi-mantiksizdir?partial=28546&level=0","Allah, bir insanÄ± yarattÄ±ÄŸÄ± anda onun sonunu bilmesi, balÄ±kÃ§Ä±nÄ±n balÄ±ÄŸÄ±n Ã§Ã¶lde dayanamayacÄ±ÄŸÄ±nÄ± bilmesi gibidir.BalÄ±ÄŸÄ±n teste evet demesi, insanlarÄ±n cahilliÄŸi sonucu dÃ¼nyadaki teste tÃ¢bi olmayÄ± kabul etmeleri gibidir.BalÄ±kÃ§Ä±nÄ±n balÄ±ÄŸÄ± bu teste sokmasÄ± mantÄ±klÄ± mÄ±dÄ±r, tartÄ±ÅŸÄ±lÄ±r.",""
82,"allahin-insani-ilk-yarattigi-andan-itibaren-o-kisinin-ahiret-gununde-cennetcehenneme-gidecegini-bilir-olmasi-mantiksizdir?partial=28567&level=0","Ä°nsanÄ±n, tanrÄ± karÅŸÄ±sÄ±nda Ã¶zgÃ¼r bir irÃ¢desinin olmadÄ±ÄŸÄ± varsayÄ±lÄ±rsa Ã¶nerme doÄŸrudur. Aksi durumda test mantÄ±ksÄ±z deÄŸildir.",""
83,"allahin-insani-ilk-yarattigi-andan-itibaren-o-kisinin-ahiret-gununde-cennetcehenneme-gidecegini-bilir-olmasi-mantiksizdir?partial=31005&level=0","Allah kuran da insanÄ± bir kadere gÃ¶re yarattÄ±k derken, insanÄ±n ne yapacaÄŸÄ±nÄ± hayatÄ±nÄ± nasÄ±l geÃ§ireceÄŸini kast etmemiÅŸtir. Kader 'miktar', 'kural' demektir. Allah herÅŸeyi bir kader ve kurala gÃ¶re yaratmÄ±ÅŸtÄ±r. Burada bir anlam kargaÅŸasÄ± vardÄ±r.",""
84,"allahin-insani-ilk-yarattigi-andan-itibaren-o-kisinin-ahiret-gununde-cennetcehenneme-gidecegini-bilir-olmasi-mantiksizdir?partial=33638&level=0","1- Analoji, ancak A ve B olgularÄ± benzer ise ve/veya benzer iliÅŸkiler mevcutsa tutarlÄ±dÄ±r.2- TanrÄ± kavramÄ±na dair tÃ¼m Ã¶zellikleri bilmiyoruz.Yani;TanrÄ±yla ilgili yapÄ±lan tÃ¼m analojiler mantÄ±ksal zeminden yoksundur.",""
85,"allahin-insani-ilk-yarattigi-andan-itibaren-o-kisinin-ahiret-gununde-cennetcehenneme-gidecegini-bilir-olmasi-mantiksizdir?partial=33645&level=0","1- Semavi TanrÄ± zamanÄ± yaratmÄ±ÅŸtÄ±r.2- YarattÄ±klarÄ±ndan mÃ¼nezzehtir.Yani; TanrÄ± zamandan baÄŸÄ±msÄ±zdÄ±r. Bu perspektiften her ÅŸey Onun iÃ§in olmuÅŸ-bitmiÅŸ olabilir. Bir insan gibi oturup testin bilinen sonucunu beklemesi zorunlu deÄŸildir.",""
86,"arac-kullanirken-sigara-icmek-cezalandirilmalidir?partial=33537&level=0","Ã–zel araÃ§ta, sÃ¼rÃ¼cÃ¼ hariÃ§ iÃ§ilebilir olmasÄ± makul gÃ¶zÃ¼kmektedir.",""
87,"bir-fikir-iscisinin-dusmani-hemfikirleridir?partial=33446&level=0","Bir ÅŸeyin kolay oluÅŸu ancak occam'Ä±n usturasÄ± durumlarÄ±nda geÃ§erli bir sebep olabilir. Bir ÅŸeyin asli sebebi kolay yapÄ±lmasÄ± olamaz.",""
88,"depresyon-icedonuk-safsatalarin-sonucudur?partial=33521&level=0","Kimse kasÄ±tlÄ± olarak kendi dÃ¼ÅŸÃ¼ncelerini Ã§arpÄ±tmaz.",""
89,"fotograf-makinelerinin-kaydedebildigi-gerceklikte-realist-cizimler-yapmak-korkunc-bir-emek-israfidir?partial=31555&level=0","Elimizde a portresi var ve bu a portresini gerÃ§eÄŸinden ayrÄ±lmayacak ÅŸekilde resmetmek emek israfÄ±dÄ±r.",""
90,"havyanlarin-hayati-da-insanlarinki-kadar-degerlidir?partial=32922&level=0","Hayvanlar da gÃ¼Ã§lÃ¼ bir konumda olduÄŸunda insanlarÄ±n hayatÄ± deÄŸerli mi kaygÄ±sÄ±na dÃ¼ÅŸmeyecekler.",""
91,"havyanlarin-hayati-da-insanlarinki-kadar-degerlidir?partial=33330&level=0","Ã¶lÃ¼m de hayatÄ±n bir parÃ§asÄ±dÄ±r ve doÄŸaldÄ±r. canlÄ±lar birbirlerini 'Ã¶ldÃ¼rmediÄŸinde' ortaya Ã§ok daha kÃ¶tÃ¼ sonuÃ§lar Ã§Ä±kabilir ve doÄŸanÄ±n dengesi bozulabilir.",""
92,"hicbir-bilgisayar-programi-kendi-basina-bir-sisteme-zihin-veremez?partial=33301&level=0","Sentaks, semantik iÃ§in yeterli deÄŸildir. Sentaks biÃ§imsel, semantik iÃ§erikseldir.",""
93,"hicbir-bilgisayar-programi-kendi-basina-bir-sisteme-zihin-veremez?partial=33303&level=0","Zihinler semantik iÃ§eriklere sahiptir.",""
94,"humanizm-onumuzdeki-200-yil-icinde-yok-olacaktir?partial=34172&level=0","SÃ¼regeldiÄŸi varsayÄ±lan 'HÃ¼manizm'in' bitmesi iÃ§in bir Ã§ok sebep sayÄ±labilir fakat dataizmin yeni din olarak gÃ¶sterilmesi bu sebepler arasÄ±nda deÄŸildir. Dataizmin yeni din olacak Ã¶nermesi spekÃ¼latiftir.",""
95,"kanal-istanbul-projesinden-vazgecilmelidir?partial=34201&level=0","Buradaki 'kazanÄ±mlar' ifadesi Ã¶rnekle desteklenmeyip tahayyÃ¼le bÄ±rakÄ±ldÄ±ÄŸÄ±ndan ve kime ait bir kazanÄ±m olacaÄŸÄ± belirtilmediÄŸinden, argÃ¼man muÄŸlak kalmÄ±ÅŸtÄ±r.",""
96,"kanal-istanbul-projesinden-vazgecilmelidir?partial=712&level=0","Karadeniz'den gelen yÃ¼ksek besinli su Marmara Denizi'ni oksijensiz bÄ±rakacaktÄ±r",""
97,"sanat-elestirilemez?partial=33445&level=0","SÄ±nÄ±rlar, sanatÄ±n ya da sanatÃ§Ä±nÄ±n deÄŸil onun Ã¼retim nesnesinin sÄ±nÄ±rlarÄ±dÄ±r.â€œÃ–nemli hallerde sorulacak esas soru â€œHangi nesneler sanat yapÄ±tÄ±dÄ±r?â€ sorusu deÄŸil, â€œBir nesne ne zaman sanat yapÄ±tÄ± olur?â€ sorusudur.",""
98,"tanrinin-varligini-kanitlamak-telasi-gereksizdir?partial=32825&level=0","bu tarafgirliÄŸi ortadan kaldÄ±rmaz.",""
99,"tanrinin-varligini-kanitlamak-telasi-gereksizdir?partial=33648&level=0","1-Bir ÅŸeyin gereksiz olmasÄ±, olmasÄ± ile olmamasÄ± arasÄ±nda bir fark olmamasÄ±dÄ±r.2-TanrÄ±nÄ±n kanÄ±tlanmasÄ± eÄŸer inancÄ± kaldÄ±racaksa; bu 1. maddeye gÃ¶re gereksiz olarak nitelendirilemez.(Bu Ã¶nerme ancak argÃ¼mandaki 'telaÅŸ' ile bu uÄŸraÅŸÄ± veya kanÄ±tlanma olgusu kastedilmiÅŸse doÄŸrudur)",""
100,"tanrinin-varligini-kanitlamak-telasi-gereksizdir?partial=33649&level=0","Kimsenin bÃ¶yle bir uÄŸraÅŸÄ± yoktur demek bariz bir hacme sahip bir felsefe konusunu ve din felsefesini, ve ontolojik ve epistemolojik ve ahlaki argÃ¼manlarÄ±n yapÄ±lmÄ±ÅŸ olmasÄ±nÄ± gÃ¶rmezden gelmek olabilir ancak. Bu uÄŸraÅŸÄ±nÄ±n olmadÄ±ÄŸÄ±nÄ± sÃ¶ylemek kesinlikle yanlÄ±ÅŸtÄ±r. Ã–rneÄŸin; ben de uÄŸraÅŸÄ±yorum.",""
101,"tanrinin-varligini-kanitlamak-telasi-gereksizdir?partial=33650&level=0","BÃ¶yle bir imkansÄ±zlÄ±ÄŸÄ±n olmasÄ± bÃ¼yÃ¼k bir iddiadÄ±r, desteklenmelidir.",""
102,"tanrinin-varligini-kanitlamak-telasi-gereksizdir?partial=33652&level=0","ama argÃ¼man tanrÄ±nÄ±n olup olmamasÄ± deÄŸil. TanrÄ±nÄ±n olduÄŸunun bilinip bilinmemesinin pratikte hiÃ§bir Ã¶nemli sonucu olnaz.",""
103,"vicdan-gucluleri-korkutmak-icin-dusunulmus-korkaklarin-kullandigi-bir-sozcukten-baska-bir-sey-degildir?partial=4644&level=0","Fizyolojik Ã¶zellikler dÄ±ÅŸÄ±nda hiÃ§bir Ã¶zellik doÄŸuÅŸtan kazanÄ±lmÄ±ÅŸ deÄŸildir. Toplumdan tecrit edilerek bÃ¼yÃ¼mÃ¼ÅŸ bir birey hayvandan farksÄ±z olur.",""
104,"vicdan-gucluleri-korkutmak-icin-dusunulmus-korkaklarin-kullandigi-bir-sozcukten-baska-bir-sey-degildir?partial=4871&level=0","olmayabilir de.",""
105,"vicdan-gucluleri-korkutmak-icin-dusunulmus-korkaklarin-kullandigi-bir-sozcukten-baska-bir-sey-degildir?partial=4872&level=0","ancak bu durum her zaman doÄŸru yola sevk etmez. linÃ§ ve talan kÃ¼ltÃ¼rÃ¼ bu vesileyle doÄŸmuÅŸtur.",""
106,"yalan-soyleme-olmadan-bilim-olmaz?partial=31796&level=0","Bu Ã¶ngÃ¶rÃ¼leri 'Yalan sÃ¶ylemek' olarak adlandÄ±rmak abartÄ±lmÄ±ÅŸ bir sÃ¶ylemdir. GÃ¼nlÃ¼k kullanÄ±mda dikkat Ã§ekmek iÃ§in kullanÄ±lmÄ±ÅŸ olabilir.",""
107,"yalan-soyleme-olmadan-bilim-olmaz?partial=31959&level=0","Yalan ve yanlÄ±ÅŸ farklÄ± ÅŸeylerdir. Yalan, aldatma amacÄ± gÃ¼derek, doÄŸrudan doÄŸru olmadÄ±ÄŸÄ± bilinen bir yargÄ±nÄ±n kullanÄ±mÄ±dÄ±r. YanlÄ±ÅŸ ise kasÄ±t taÅŸÄ±mak zorunda deÄŸildir. KaldÄ± ki doÄŸrunun zÄ±ttÄ± yalan deÄŸildir, yanlÄ±ÅŸtÄ±r.",""
108,"yapay-zeka-insanin-varolus-anlamini-tehdit-etmektedir?partial=33518&level=0","makinenin sÃ¶yleyecekleri daima kendi hislerinden daha doÄŸru ve noksansÄ±zdÄ±r. Ã–yleyse ya bilerek kendi iÃ§inden geleni seÃ§meli ve yanlÄ±ÅŸ yapma riskini gÃ¶ze almalÄ±dÄ±r veya kendinden daha zeki olan makinenin sÃ¶ylediklerini uygulamalÄ±dÄ±r.",""
109,"yapay-zeka-insanin-varolus-anlamini-tehdit-etmektedir?partial=33550&level=0","argÃ¼manda, yapay zekanÄ±n insanÄ±n varoluÅŸunu deÄŸil, varoluÅŸ anlamÄ±nÄ± tehdit edildiÄŸi sÃ¶ylenmektedir.",""
110,"allahin-insani-ilk-yarattigi-andan-itibaren-o-kisinin-ahiret-gununde-cennetcehenneme-gidecegini-bilir-olmasi-mantiksizdir?partial=33639&level=0","A kavramÄ±nÄ±n B koÅŸullarÄ±nda C yapmasÄ± bekleniliyor ancak D yapÄ±yorsa bunun mantÄ±ksÄ±z olmasÄ± zorunlu deÄŸil; beklenilmeyen olmasÄ± yeterlidir.A kavramÄ±nÄ±n B koÅŸullarÄ±nda C yapacaÄŸÄ± biliniyor ve buna raÄŸmen D yapÄ±yorsa, bu mantÄ±ksÄ±z olmasÄ± iÃ§in yeterlidir.Ana argÃ¼man bunu saÄŸlamÄ±yor.",""
111,"allahin-insani-ilk-yarattigi-andan-itibaren-o-kisinin-ahiret-gununde-cennetcehenneme-gidecegini-bilir-olmasi-mantiksizdir?partial=33647&level=0","Bir yazÄ±lÄ±mÄ±n yaptÄ±ÄŸÄ± bir hesapta baÄŸÄ±msÄ±z bir deÄŸer alan fonksiyon mevcut olduÄŸu halde, hesap bir sonuÃ§ veriyorsa bu olgu mantÄ±ksÄ±z deÄŸil; aksine analitik mantÄ±k kadar doÄŸrudur.YazÄ±lÄ±m; kaderÄ°ÅŸlem; dÃ¼nyaSonuÃ§; ahiretBaÄŸÄ±msÄ±z deÄŸer fonksiyonu; Ã¶zgÃ¼r iradeÄ°ÅŸlemde mantÄ±ksÄ±zlÄ±k yoktur.",""
112,"havyanlarin-hayati-da-insanlarinki-kadar-degerlidir?partial=34176&level=0","Benim asÄ±l sÃ¶zÃ¼nÃ¼ ettiÄŸim Ã¶lÃ¼m deÄŸil, bir canlÄ±yÄ± Ã¶ldÃ¼rmek. AyrÄ±ca sÄ±rf doÄŸanÄ±n dengesi bozulmasÄ±n diye canlÄ±larÄ±n birbirini Ã¶ldÃ¼rmesine gÃ¶z yummak Ã¶ldÃ¼rmeyi benim benim anladÄ±ÄŸÄ±m ÅŸekliyle ahlaklÄ± kÄ±lmÄ±yor, zaten doÄŸanÄ±n kendisi de ahlak kurallarÄ±yla iÅŸlemiyor.",""
113,"havyanlarin-hayati-da-insanlarinki-kadar-degerlidir?partial=34177&level=0","bu argÃ¼man mevcut dÃ¼zenin tek mÃ¼mkÃ¼n gerÃ§eklik olduÄŸunu varsayÄ±yor. CanlÄ±larÄ±n birbirini Ã¶ldÃ¼rmeden varolabildiÄŸi daha ahlaki gerÃ§eklikler de varolabilirdi.",""
114,"tanrinin-varligini-kanitlamak-telasi-gereksizdir?partial=33703&level=0","TarafgirliÄŸin ortadan kaldÄ±rÄ±lmasÄ± mÄ± gerekiyor?",""
115,"vicdan-gucluleri-korkutmak-icin-dusunulmus-korkaklarin-kullandigi-bir-sozcukten-baska-bir-sey-degildir?partial=33443&level=0","Ä°nsan ruhu ile doÄŸar. TÄ±pkÄ± doÄŸumundan itibaren fiziksel geliÅŸimi nasÄ±l ilerliyorsa, ruhsal geliÅŸimi de bir ilerlemeye sahiptir. HayvanÄ±n da fiziksel geliÅŸimi vardÄ±r. Tecrit edilen bireyin hayvandan farksÄ±z olmasÄ±nÄ±n sebebi bir ruhunun olmasÄ±dÄ±r. Vicdan insanÄ±n ruhu ile olan iletiÅŸimidir.",""
116,"yalan-soyleme-olmadan-bilim-olmaz?partial=31956&level=0","Birisinin sÃ¶ylediklerinden dolayÄ± dikkat Ã§ekmeye Ã§alÄ±ÅŸÄ±yor muamelesi yapmak (Ã¶zellikle tartÄ±ÅŸma bilimsel bir tartÄ±ÅŸma dÃ¼zleminde) yersizdir.",""
117,"yalan-soyleme-olmadan-bilim-olmaz?partial=31957&level=0","'Ä°lgi Ã§ekmek iÃ§in yapÄ±yor' sÃ¶ylemini herkes iÃ§in kullanabiliriz. kediler dahilSÄ±radan kedi yoktur.",""
118,"yalan-soyleme-olmadan-bilim-olmaz?partial=31972&level=0","Hangi dilin akademik alanÄ±nda yalan sÃ¶ylemek yoktur? Yalan tÃ¼rkÃ§e bir kelimedir.",""
